variable,count,mean,std,min,25%,50%,75%,max,original
dummy1,1000.0,-0.0003008940243434537,0.010838193053536343,-0.0299762271134212,-0.0073625176199151,1.4113309291660085e-05,0.007006614817761425,0.0323289741211109,-0.0108214600771156
dummy2,1000.0,-0.00011107698973139714,0.010751962536364238,-0.0347378048726475,-0.00764094459641805,-0.0003289210479578,0.007640430865759975,0.0349710794606586,-0.006757579206265
x1,1000.0,-0.11125982371426471,3.0151949847860986,-8.756603840382482,-2.123184192431623,-0.2237324031681212,1.8229123752189906,28.203752878049325,28.203752878049325
x2,1000.0,0.5037484456605809,8.15053788833001,-20.649564240040657,-5.140694785065656,0.5070849959987473,5.7726290155833695,75.05225441021409,75.05225441021409
x3,1000.0,0.04277807658323649,1.9587165576803915,-5.410735252070682,-1.248062454748905,0.06011763968683115,1.2521940949152925,17.753048720249257,17.753048720249257
